[{"model": "auth.permission", "pk": 1, "fields": {"name": "Can add log entry", "content_type": 1, "codename": "add_logentry"}}, {"model": "auth.permission", "pk": 2, "fields": {"name": "Can change log entry", "content_type": 1, "codename": "change_logentry"}}, {"model": "auth.permission", "pk": 3, "fields": {"name": "Can delete log entry", "content_type": 1, "codename": "delete_logentry"}}, {"model": "auth.permission", "pk": 4, "fields": {"name": "Can view log entry", "content_type": 1, "codename": "view_logentry"}}, {"model": "auth.permission", "pk": 5, "fields": {"name": "Can add permission", "content_type": 2, "codename": "add_permission"}}, {"model": "auth.permission", "pk": 6, "fields": {"name": "Can change permission", "content_type": 2, "codename": "change_permission"}}, {"model": "auth.permission", "pk": 7, "fields": {"name": "Can delete permission", "content_type": 2, "codename": "delete_permission"}}, {"model": "auth.permission", "pk": 8, "fields": {"name": "Can view permission", "content_type": 2, "codename": "view_permission"}}, {"model": "auth.permission", "pk": 9, "fields": {"name": "Can add group", "content_type": 3, "codename": "add_group"}}, {"model": "auth.permission", "pk": 10, "fields": {"name": "Can change group", "content_type": 3, "codename": "change_group"}}, {"model": "auth.permission", "pk": 11, "fields": {"name": "Can delete group", "content_type": 3, "codename": "delete_group"}}, {"model": "auth.permission", "pk": 12, "fields": {"name": "Can view group", "content_type": 3, "codename": "view_group"}}, {"model": "auth.permission", "pk": 13, "fields": {"name": "Can add content type", "content_type": 4, "codename": "add_contenttype"}}, {"model": "auth.permission", "pk": 14, "fields": {"name": "Can change content type", "content_type": 4, "codename": "change_contenttype"}}, {"model": "auth.permission", "pk": 15, "fields": {"name": "Can delete content type", "content_type": 4, "codename": "delete_contenttype"}}, {"model": "auth.permission", "pk": 16, "fields": {"name": "Can view content type", "content_type": 4, "codename": "view_contenttype"}}, {"model": "auth.permission", "pk": 17, "fields": {"name": "Can add session", "content_type": 5, "codename": "add_session"}}, {"model": "auth.permission", "pk": 18, "fields": {"name": "Can change session", "content_type": 5, "codename": "change_session"}}, {"model": "auth.permission", "pk": 19, "fields": {"name": "Can delete session", "content_type": 5, "codename": "delete_session"}}, {"model": "auth.permission", "pk": 20, "fields": {"name": "Can view session", "content_type": 5, "codename": "view_session"}}, {"model": "auth.permission", "pk": 21, "fields": {"name": "Can add product category", "content_type": 6, "codename": "add_productcategory"}}, {"model": "auth.permission", "pk": 22, "fields": {"name": "Can change product category", "content_type": 6, "codename": "change_productcategory"}}, {"model": "auth.permission", "pk": 23, "fields": {"name": "Can delete product category", "content_type": 6, "codename": "delete_productcategory"}}, {"model": "auth.permission", "pk": 24, "fields": {"name": "Can view product category", "content_type": 6, "codename": "view_productcategory"}}, {"model": "auth.permission", "pk": 25, "fields": {"name": "Can add product", "content_type": 7, "codename": "add_product"}}, {"model": "auth.permission", "pk": 26, "fields": {"name": "Can change product", "content_type": 7, "codename": "change_product"}}, {"model": "auth.permission", "pk": 27, "fields": {"name": "Can delete product", "content_type": 7, "codename": "delete_product"}}, {"model": "auth.permission", "pk": 28, "fields": {"name": "Can view product", "content_type": 7, "codename": "view_product"}}, {"model": "auth.permission", "pk": 29, "fields": {"name": "Can add user", "content_type": 8, "codename": "add_shopuser"}}, {"model": "auth.permission", "pk": 30, "fields": {"name": "Can change user", "content_type": 8, "codename": "change_shopuser"}}, {"model": "auth.permission", "pk": 31, "fields": {"name": "Can delete user", "content_type": 8, "codename": "delete_shopuser"}}, {"model": "auth.permission", "pk": 32, "fields": {"name": "Can view user", "content_type": 8, "codename": "view_shopuser"}}, {"model": "auth.permission", "pk": 33, "fields": {"name": "Can add shop user profile", "content_type": 9, "codename": "add_shopuserprofile"}}, {"model": "auth.permission", "pk": 34, "fields": {"name": "Can change shop user profile", "content_type": 9, "codename": "change_shopuserprofile"}}, {"model": "auth.permission", "pk": 35, "fields": {"name": "Can delete shop user profile", "content_type": 9, "codename": "delete_shopuserprofile"}}, {"model": "auth.permission", "pk": 36, "fields": {"name": "Can view shop user profile", "content_type": 9, "codename": "view_shopuserprofile"}}, {"model": "auth.permission", "pk": 37, "fields": {"name": "Can add basket", "content_type": 10, "codename": "add_basket"}}, {"model": "auth.permission", "pk": 38, "fields": {"name": "Can change basket", "content_type": 10, "codename": "change_basket"}}, {"model": "auth.permission", "pk": 39, "fields": {"name": "Can delete basket", "content_type": 10, "codename": "delete_basket"}}, {"model": "auth.permission", "pk": 40, "fields": {"name": "Can view basket", "content_type": 10, "codename": "view_basket"}}, {"model": "auth.permission", "pk": 41, "fields": {"name": "Can add association", "content_type": 11, "codename": "add_association"}}, {"model": "auth.permission", "pk": 42, "fields": {"name": "Can change association", "content_type": 11, "codename": "change_association"}}, {"model": "auth.permission", "pk": 43, "fields": {"name": "Can delete association", "content_type": 11, "codename": "delete_association"}}, {"model": "auth.permission", "pk": 44, "fields": {"name": "Can view association", "content_type": 11, "codename": "view_association"}}, {"model": "auth.permission", "pk": 45, "fields": {"name": "Can add code", "content_type": 12, "codename": "add_code"}}, {"model": "auth.permission", "pk": 46, "fields": {"name": "Can change code", "content_type": 12, "codename": "change_code"}}, {"model": "auth.permission", "pk": 47, "fields": {"name": "Can delete code", "content_type": 12, "codename": "delete_code"}}, {"model": "auth.permission", "pk": 48, "fields": {"name": "Can view code", "content_type": 12, "codename": "view_code"}}, {"model": "auth.permission", "pk": 49, "fields": {"name": "Can add nonce", "content_type": 13, "codename": "add_nonce"}}, {"model": "auth.permission", "pk": 50, "fields": {"name": "Can change nonce", "content_type": 13, "codename": "change_nonce"}}, {"model": "auth.permission", "pk": 51, "fields": {"name": "Can delete nonce", "content_type": 13, "codename": "delete_nonce"}}, {"model": "auth.permission", "pk": 52, "fields": {"name": "Can view nonce", "content_type": 13, "codename": "view_nonce"}}, {"model": "auth.permission", "pk": 53, "fields": {"name": "Can add user social auth", "content_type": 14, "codename": "add_usersocialauth"}}, {"model": "auth.permission", "pk": 54, "fields": {"name": "Can change user social auth", "content_type": 14, "codename": "change_usersocialauth"}}, {"model": "auth.permission", "pk": 55, "fields": {"name": "Can delete user social auth", "content_type": 14, "codename": "delete_usersocialauth"}}, {"model": "auth.permission", "pk": 56, "fields": {"name": "Can view user social auth", "content_type": 14, "codename": "view_usersocialauth"}}, {"model": "auth.permission", "pk": 57, "fields": {"name": "Can add partial", "content_type": 15, "codename": "add_partial"}}, {"model": "auth.permission", "pk": 58, "fields": {"name": "Can change partial", "content_type": 15, "codename": "change_partial"}}, {"model": "auth.permission", "pk": 59, "fields": {"name": "Can delete partial", "content_type": 15, "codename": "delete_partial"}}, {"model": "auth.permission", "pk": 60, "fields": {"name": "Can view partial", "content_type": 15, "codename": "view_partial"}}, {"model": "auth.permission", "pk": 61, "fields": {"name": "Can add \u0437\u0430\u043a\u0430\u0437", "content_type": 16, "codename": "add_order"}}, {"model": "auth.permission", "pk": 62, "fields": {"name": "Can change \u0437\u0430\u043a\u0430\u0437", "content_type": 16, "codename": "change_order"}}, {"model": "auth.permission", "pk": 63, "fields": {"name": "Can delete \u0437\u0430\u043a\u0430\u0437", "content_type": 16, "codename": "delete_order"}}, {"model": "auth.permission", "pk": 64, "fields": {"name": "Can view \u0437\u0430\u043a\u0430\u0437", "content_type": 16, "codename": "view_order"}}, {"model": "auth.permission", "pk": 65, "fields": {"name": "Can add order item", "content_type": 17, "codename": "add_orderitem"}}, {"model": "auth.permission", "pk": 66, "fields": {"name": "Can change order item", "content_type": 17, "codename": "change_orderitem"}}, {"model": "auth.permission", "pk": 67, "fields": {"name": "Can delete order item", "content_type": 17, "codename": "delete_orderitem"}}, {"model": "auth.permission", "pk": 68, "fields": {"name": "Can view order item", "content_type": 17, "codename": "view_orderitem"}}, {"model": "sessions.session", "pk": "dympqy8ngudcqgyy5tw7vqkd1k9kjf2o", "fields": {"session_data": "MTk1ODQyOTgyODhiZTMwOTZkOTA5MTRkZDZjYjlkNWVkZjExYWRjMDp7Il9hdXRoX3VzZXJfaWQiOiIxIiwiX2F1dGhfdXNlcl9iYWNrZW5kIjoiZGphbmdvLmNvbnRyaWIuYXV0aC5iYWNrZW5kcy5Nb2RlbEJhY2tlbmQiLCJfYXV0aF91c2VyX2hhc2giOiI5NGJmYmY2MmIxYmYyODg1ODM4YzhhN2I5MDNmMTUxZmQyNzE3MjFiIn0=", "expire_date": "2020-10-02T12:59:50.471Z"}}, {"model": "sessions.session", "pk": "wxf4eeo0z4w5ltm6ipiqmi6jj4x04dzb", "fields": {"session_data": "ZmQ1NDA0YmI3ZGJhNjQ0YjU4OTk3MjgyMzQ4MTVmYzdiNjc5ZDI4NDp7Im5leHQiOiIvIiwidmstb2F1dGgyX3N0YXRlIjoiUjRqZWpWRDdqcDBHbXYySXpHZFNoQW9YQ2h5Ykg1RXgiLCJfYXV0aF91c2VyX2lkIjoiMiIsIl9hdXRoX3VzZXJfYmFja2VuZCI6InNvY2lhbF9jb3JlLmJhY2tlbmRzLnZrLlZLT0F1dGgyIiwiX2F1dGhfdXNlcl9oYXNoIjoiZmMyYzk4NmRkNzk2ZDNkNzZmOGNhZjBkMWUyOGFjYjI1ODFjMjFiNSIsInNvY2lhbF9hdXRoX2xhc3RfbG9naW5fYmFja2VuZCI6InZrLW9hdXRoMiJ9", "expire_date": "2020-09-18T09:05:06.901Z"}}, {"model": "mainapp.productcategory", "pk": 1, "fields": {"name": "\u0434\u043e\u043c", "description": "\u043e\u0442\u043b\u0438\u0447\u043d\u0430\u044f \u043c\u0435\u0431\u0435\u043b\u044c \u0434\u043b\u044f \u0434\u043e\u043c\u0430\u0448\u043d\u0435\u0433\u043e \u0438\u043d\u0442\u0435\u0440\u044c\u0435\u0440\u0430.", "is_active": true}}, {"model": "mainapp.productcategory", "pk": 2, "fields": {"name": "\u043e\u0444\u0438\u0441", "description": "\u0441\u0442\u0438\u043b\u044c\u043d\u0430\u044f \u0438 \u043d\u0430\u0434\u0435\u0436\u043d\u0430\u044f \u043e\u0444\u0438\u0441\u043d\u0430\u044f \u043c\u0435\u0431\u0435\u043b\u044c \u043d\u043e\u0432\u043e\u0433\u043e \u043f\u043e\u043a\u043e\u043b\u0435\u043d\u0438\u044f.", "is_active": true}}, {"model": "mainapp.productcategory", "pk": 3, "fields": {"name": "\u043c\u043e\u0434\u0435\u0440\u043d", "description": "\u043c\u0435\u0431\u0435\u043b\u044c \u0432 \u0441\u0442\u0438\u043b\u0435 \u041c\u041e\u0414\u0415\u0420\u041d \u043f\u043e\u0434\u043e\u0439\u0434\u0435\u0442 \u0434\u043b\u044f \u043b\u044e\u0431\u043e\u0433\u043e \u0438\u043d\u0442\u0435\u0440\u044c\u0435\u0440\u0430.", "is_active": true}}, {"model": "mainapp.productcategory", "pk": 4, "fields": {"name": "\u043a\u043b\u0430\u0441\u0441\u0438\u043a\u0430", "description": "\u043a\u043b\u0430\u0441\u0441\u0438\u0447\u0435\u0441\u043a\u0438\u0439 \u0441\u0442\u0438\u043b\u044c \u0430\u043a\u0442\u0443\u0430\u043b\u0435\u043d \u0432 \u043b\u044e\u0431\u044b\u0435 \u0432\u0440\u0435\u043c\u0435\u043d\u0430.", "is_active": true}}, {"model": "mainapp.product", "pk": 1, "fields": {"category": 1, "name": "\u043a\u043e\u043c\u0444\u043e\u0440\u0442 1", "image": "products_images/product-1.jpg", "short_desc": "\u043a\u043e\u043c\u0444\u043e\u0440\u0442\u043d\u044b\u0439 \u0441\u0442\u0443\u043b", "description": "\u043f\u043e\u0434\u043e\u0439\u0434\u0435\u0442 \u0434\u043b\u044f \u043f\u0440\u043e\u0441\u043c\u043e\u0442\u0440\u0430 \u0444\u0438\u043b\u044c\u043c\u043e\u0432", "price": "2989.50", "quantity": 17, "is_active": true}}, {"model": "mainapp.product", "pk": 2, "fields": {"category": 1, "name": "\u043a\u043e\u043c\u0444\u043e\u0440\u0442 2", "image": "products_images/product-2.jpg", "short_desc": "\u043e\u0447\u0435\u043d\u044c \u043a\u043e\u043c\u0444\u043e\u0440\u0442\u043d\u044b\u0439 \u0441\u0442\u0443\u043b", "description": "\u043f\u043e\u0434\u043e\u0439\u0434\u0435\u0442 \u0434\u043b\u044f \u043e\u0431\u0449\u0435\u043d\u0438\u044f \u0441 \u0434\u0440\u0443\u0437\u044c\u044f\u043c\u0438", "price": "3687.20", "quantity": 17, "is_active": true}}, {"model": "mainapp.product", "pk": 3, "fields": {"category": 1, "name": "\u043b\u044e\u043a\u0441", "image": "products_images/product-3.jpg", "short_desc": "\u0438\u0441\u043f\u043e\u043b\u044c\u0437\u043e\u0432\u0430\u043d\u044b \u043f\u0440\u0435\u043c\u0438\u0430\u043b\u044c\u043d\u044b\u0435 \u043c\u0430\u0442\u0435\u0440\u0438\u0430\u043b\u044b", "description": "\u0434\u043b\u044f \u0442\u0435\u0445, \u043a\u0442\u043e \u0441\u0442\u0440\u0435\u043c\u0438\u0442\u0441\u044f \u043a \u043b\u0443\u0447\u0448\u0435\u043c\u0443", "price": "8157.99", "quantity": 8, "is_active": true}}, {"model": "mainapp.product", "pk": 4, "fields": {"category": 2, "name": "\u0441\u0442\u0430\u043d\u0434\u0430\u0440\u0442", "image": "products_images/product-4.jpg", "short_desc": "\u0443\u043d\u0438\u0432\u0435\u0440\u0441\u0430\u043b\u044c\u043d\u043e\u0435 \u0440\u0435\u0448\u0435\u043d\u0438\u0435", "description": "\u043f\u043e\u0434\u043e\u0439\u0434\u0435\u0442 \u0434\u043b\u044f \u043b\u044e\u0431\u043e\u0433\u043e \u043e\u0444\u0438\u0441\u0430", "price": "1895.25", "quantity": 28, "is_active": true}}, {"model": "mainapp.product", "pk": 5, "fields": {"category": 2, "name": "\u043f\u0440\u0435\u043c\u0438\u0443\u043c", "image": "products_images/product-5.jpg", "short_desc": "\u0443\u043b\u0443\u0447\u0448\u0435\u043d\u043d\u044b\u0439 \u0434\u0438\u0437\u0430\u0439\u043d", "description": "\u0438\u0434\u0435\u0430\u043b\u044c\u043d\u043e \u0432\u043f\u0438\u0448\u0435\u0442\u0441\u044f \u0432 \u0441\u0442\u0440\u043e\u0433\u0438\u0439 \u0438\u043d\u0442\u0435\u0440\u044c\u0435\u0440 \u043e\u0444\u0438\u0441\u0430", "price": "3587.41", "quantity": 7, "is_active": true}}, {"model": "mainapp.product", "pk": 6, "fields": {"category": 3, "name": "\u043d\u043e\u0432\u0438\u043d\u043a\u0430", "image": "products_images/product-6.jpg", "short_desc": "\u0438\u043d\u043d\u043e\u0432\u0430\u0446\u0438\u043e\u043d\u043d\u044b\u0439 \u0434\u0438\u0437\u0430\u0439\u043d", "description": "\u043d\u0435\u0441\u0442\u0430\u043d\u0434\u0430\u0440\u0442\u043d\u043e\u0435 \u0440\u0435\u0448\u0435\u043d\u0438\u0435 \u0434\u043b\u044f \u0441\u043e\u0432\u0440\u0435\u043c\u0435\u043d\u043d\u043e\u0433\u043e \u0438\u043d\u0442\u0435\u0440\u044c\u0435\u0440\u0430", "price": "5361.47", "quantity": 17, "is_active": true}}, {"model": "mainapp.product", "pk": 7, "fields": {"category": 3, "name": "\u043f\u0440\u043e\u0433\u0440\u0435\u0441\u0441", "image": "products_images/product-7.jpg", "short_desc": "\u043f\u0440\u043e\u0433\u0440\u0435\u0441\u0441\u0438\u0432\u043d\u044b\u0439 \u0434\u0438\u0437\u0430\u0439\u043d", "description": "\u0444\u0443\u043d\u043a\u0446\u0438\u043e\u043d\u0430\u043b\u044c\u043d\u043e\u0435 \u0438 \u043a\u043e\u043c\u0444\u043e\u0440\u0442\u043d\u043e\u0435 \u0440\u0435\u0448\u0435\u043d\u0438\u0435", "price": "6789.33", "quantity": 10, "is_active": true}}, {"model": "mainapp.product", "pk": 8, "fields": {"category": 4, "name": "\u0432\u0435\u043d\u0435\u0446\u0438\u044f", "image": "products_images/product-8.jpg", "short_desc": "\u043a\u043b\u0430\u0441\u0441\u0438\u0447\u0435\u0441\u043a\u0438\u0435 \u0444\u043e\u0440\u043c\u044b", "description": "\u043e\u043a\u0443\u043d\u0438\u0442\u0435\u0441\u044c \u0432 \u0435\u0432\u0440\u043e\u043f\u0435\u0439\u0441\u043a\u0438\u0439 \u043a\u043e\u043c\u0444\u043e\u0440\u0442", "price": "4147.51", "quantity": 25, "is_active": true}}, {"model": "mainapp.product", "pk": 9, "fields": {"category": 4, "name": "\u0442\u043e\u0441\u043a\u0430\u043d\u0430", "image": "products_images/product-9.jpg", "short_desc": "\u044d\u0440\u0433\u043e\u043d\u043e\u043c\u0438\u0447\u043d\u0430\u044f \u0441\u043f\u0438\u043d\u043a\u0430", "description": "\u043f\u043e\u0447\u0443\u0432\u0441\u0442\u0432\u0443\u0439\u0442\u0435 \u043a\u043e\u043c\u0444\u043e\u0440\u0442 \u0438 \u043d\u0430\u0441\u043b\u0430\u0434\u0438\u0442\u0435\u0441\u044c \u0446\u0432\u0435\u0442\u043e\u0432\u043e\u0439 \u0433\u0430\u043c\u043c\u043e\u0439", "price": "7147.35", "quantity": 17, "is_active": true}}, {"model": "mainapp.product", "pk": 10, "fields": {"category": 4, "name": "\u0440\u0438\u043c", "image": "products_images/product-10.jpg", "short_desc": "\u0443\u0434\u0430\u0447\u043d\u044b\u0435 \u043f\u0440\u043e\u043f\u043e\u0440\u0446\u0438\u0438", "description": "\u043a\u043e\u043c\u043f\u0430\u043a\u0442\u043d\u043e\u0441\u0442\u044c \u0438 \u0444\u0443\u043d\u043a\u0446\u0438\u043e\u043d\u0430\u043b\u044c\u043d\u043e\u0441\u0442\u044c", "price": "8357.77", "quantity": 8, "is_active": true}}, {"model": "authapp.shopuser", "pk": 1, "fields": {"password": "pbkdf2_sha256$180000$iA1eaojS7QkJ$Hxf4FbD1vE/5vdbmPGFVS3MfaUIGuacWgz+44F57o1Y=", "last_login": "2020-09-18T12:59:50.319Z", "is_superuser": true, "username": "django", "first_name": "", "last_name": "", "email": "django@geekshop.local", "is_staff": true, "is_active": true, "date_joined": "2020-09-04T09:04:17.525Z", "avatar": "", "age": 28, "activation_key": "", "activation_key_expires": "2020-09-06T09:04:16.245Z", "groups": [], "user_permissions": []}}, {"model": "authapp.shopuser", "pk": 2, "fields": {"password": "!3UP3uN6M1rRLyHIe6ycLr5wVO9IcaNd8UKLjc2CS", "last_login": "2020-09-04T09:05:06.745Z", "is_superuser": false, "username": "id41934391", "first_name": "Andrew", "last_name": "Taran", "email": "taran.andre@yandex.ru", "is_staff": false, "is_active": true, "date_joined": "2020-09-04T09:05:05.567Z", "avatar": "", "age": 18, "activation_key": "", "activation_key_expires": "2020-09-06T09:04:47.967Z", "groups": [], "user_permissions": []}}, {"model": "authapp.shopuserprofile", "pk": 1, "fields": {"user": 1, "tagline": "", "aboutMe": "", "gender": ""}}, {"model": "authapp.shopuserprofile", "pk": 2, "fields": {"user": 2, "tagline": "", "aboutMe": "", "gender": "M"}}, {"model": "basketapp.basket", "pk": 17, "fields": {"user": 1, "product": 7, "quantity": 2, "add_datetime": "2020-09-19T06:22:41.927Z"}}, {"model": "basketapp.basket", "pk": 18, "fields": {"user": 1, "product": 5, "quantity": 1, "add_datetime": "2020-09-19T06:29:37.781Z"}}, {"model": "basketapp.basket", "pk": 19, "fields": {"user": 1, "product": 2, "quantity": 1, "add_datetime": "2020-09-19T06:29:38.861Z"}}, {"model": "social_django.usersocialauth", "pk": 1, "fields": {"user": 2, "provider": "vk-oauth2", "uid": "41934391", "extra_data": "{\"auth_time\": 1599210306, \"id\": 41934391, \"expires\": 86399, \"access_token\": \"4ad4fd6b42eecdea3fdcde0e49cfbd27190f76d0cfbfa5a1ae0a11933a97c9140ea5f25305aeb2c567a13\", \"token_type\": null}", "created": "2020-09-04T09:05:06.256Z", "modified": "2020-09-04T09:05:06.338Z"}}, {"model": "ordersapp.order", "pk": 1, "fields": {"user": 2, "created": "2020-09-04T10:29:35.143Z", "updated": "2020-09-04T10:33:33.283Z", "status": "FM", "is_active": false}}, {"model": "ordersapp.order", "pk": 2, "fields": {"user": 2, "created": "2020-09-04T10:35:44.634Z", "updated": "2020-09-04T10:35:56.004Z", "status": "STP", "is_active": true}}, {"model": "ordersapp.order", "pk": 3, "fields": {"user": 2, "created": "2020-09-11T11:50:34.462Z", "updated": "2020-09-11T11:50:34.635Z", "status": "FM", "is_active": true}}, {"model": "ordersapp.order", "pk": 4, "fields": {"user": 2, "created": "2020-09-11T11:52:18.805Z", "updated": "2020-09-11T11:52:18.970Z", "status": "FM", "is_active": true}}, {"model": "ordersapp.order", "pk": 5, "fields": {"user": 1, "created": "2020-09-18T13:00:30.777Z", "updated": "2020-09-18T13:00:30.916Z", "status": "FM", "is_active": true}}, {"model": "ordersapp.orderitem", "pk": 1, "fields": {"order": 1, "product": 3, "quantity": 2}}, {"model": "ordersapp.orderitem", "pk": 2, "fields": {"order": 1, "product": 4, "quantity": 1}}, {"model": "ordersapp.orderitem", "pk": 3, "fields": {"order": 1, "product": 7, "quantity": 1}}, {"model": "ordersapp.orderitem", "pk": 4, "fields": {"order": 2, "product": 7, "quantity": 1}}, {"model": "ordersapp.orderitem", "pk": 5, "fields": {"order": 2, "product": 5, "quantity": 1}}, {"model": "ordersapp.orderitem", "pk": 6, "fields": {"order": 2, "product": 8, "quantity": 1}}, {"model": "ordersapp.orderitem", "pk": 7, "fields": {"order": 2, "product": 2, "quantity": 1}}, {"model": "ordersapp.orderitem", "pk": 8, "fields": {"order": 2, "product": 4, "quantity": 1}}, {"model": "ordersapp.orderitem", "pk": 9, "fields": {"order": 3, "product": 2, "quantity": 1}}, {"model": "ordersapp.orderitem", "pk": 10, "fields": {"order": 3, "product": 3, "quantity": 1}}, {"model": "ordersapp.orderitem", "pk": 11, "fields": {"order": 3, "product": 6, "quantity": 1}}, {"model": "ordersapp.orderitem", "pk": 12, "fields": {"order": 4, "product": 5, "quantity": 1}}, {"model": "ordersapp.orderitem", "pk": 13, "fields": {"order": 4, "product": 9, "quantity": 1}}, {"model": "ordersapp.orderitem", "pk": 14, "fields": {"order": 4, "product": 2, "quantity": 1}}, {"model": "ordersapp.orderitem", "pk": 15, "fields": {"order": 5, "product": 2, "quantity": 1}}, {"model": "ordersapp.orderitem", "pk": 16, "fields": {"order": 5, "product": 7, "quantity": 1}}]